MDS472C: Natural Language Processing,,,,,,,,,,,
Assessment  Title,,CAC1,Mini Project,,,,,,,,
,,,,,,,,,,,
MDS472C: Natural Language Processing,,,,,,,,,,,
Assessment  Title,,CAC1 Mini Project,,,,,,,,,
,,,,,,,,,,,
Task 1: LITERATURE REVIEW,,,,,,,,,,,
,,,,,,,,,,,
1,Students have to select a domain of interest,,,,,,,,,,
2,Review the literature (at least 6 relevant research articles),,,,,,,,,,
3,Identify the problem statement,,,,,,,,,,
,,,,,,,,,,,
Group No:,,,,,,,,,,,
Group Members:,,,,,,,,,,,
Reg.No,Name of Student,,,,,,,,,,
23122048,Sandeep kumar ,,,,,,,,,,
,,,,,,,,,,,
,,,,,,,,,,,
Sr No,Title of the Paper,Authors,Publisher,Publication Date,Problem Statement,Dataset Analyzed,Models/ Techniques used for the analysis,Findings,Summary,Gap,Remark/ Contribution in the proposed research
1,A review of natural language processing techniques for sentiment analysis using pre-trained models,L. Mathew & V. R. Bindu.,The paper is published by IEEE and was presented at the 2020 Fourth International Conference on Computing Methodologies and Communication (ICCMC).,March 2020.,The paper likely discusses the challenges and developments in using pre-trained models for sentiment analysis. The problem statement could revolve around evaluating the effectiveness and limitations of various pre-trained NLP models in sentiment analysis tasks.,"Since this is a review paper, it may not focus on a specific dataset but rather discusses various datasets commonly used in sentiment analysis, such as IMDb reviews, Twitter data, or customer feedback datasets.","The paper reviews various pre-trained models used for sentiment analysis, likely including models like BERT, GPT, Word2Vec, and GloVe. It may also cover techniques such as transfer learning, fine-tuning, and feature extraction in the context of sentiment analysis.","The findings would summarize the strengths and weaknesses of different pre-trained models in sentiment analysis. The paper might discuss how these models perform on various tasks, their adaptability, and their accuracy compared to traditional NLP techniques.","The summary would include an overview of the NLP techniques for sentiment analysis, emphasizing the role of pre-trained models. It would likely cover key insights from the review, such as trends in the use of pre-trained models and their impact on sentiment analysis.","The gap might involve the need for more specialized or domain-specific pre-trained models that can handle complex sentiment analysis tasks. The paper might also identify areas where current pre-trained models fall short, such as understanding context, handling irony or sarcasm, or processing low-resource languages.","The paper's review could contribute to your research by providing a comprehensive understanding of the current landscape of pre-trained models in sentiment analysis. It might suggest potential models to use, highlight areas where further research is needed, or inspire new approaches to improving sentiment analysis in specific contexts."
2,Sentiment Analysis and the Complex Natural Language,"Khan, M. T., Durrani, M., Ali, A., Inayat, I., Khalid, S., & Khan, K. H.",Complex Adaptive Systems Modeling,2016,"The paper addresses the challenges of sentiment analysis in the context of complex natural language. Specifically, the authors explore the limitations of traditional sentiment analysis methods when applied to natural language, which is often ambiguous, context-sensitive, and complex.","The paper utilizes various social media datasets for sentiment analysis, focusing on public opinion expressed in tweets and customer reviews from platforms like Twitter and e-commerce sites. However, the specifics of the datasets are not clearly defined.","Machine learning models such as Naive Bayes, Support Vector Machines (SVM), and Decision Trees were applied to classify sentiment.                                              The paper also discusses the use of Natural Language Processing (NLP) techniques, including tokenization, stemming, and n-gram modeling to preprocess text data for sentiment analysis.","The research concludes that while traditional models like SVM and Naive Bayes perform reasonably well for sentiment classification, they struggle with the complexity and nuances of natural language, such as sarcasm, idiomatic expressions, and contextual dependencies. This highlights the need for more advanced models that can better capture the intricacies of human language.","The paper provides a comprehensive overview of the state of sentiment analysis, discussing the complexity of natural language and how it affects sentiment classification. It evaluates various machine learning techniques and their limitations in dealing with linguistic complexities. The authors propose that incorporating more sophisticated models and techniques could lead to better performance in sentiment analysis tasks.","The main gap identified is the inability of traditional machine learning models to fully understand the contextual and emotional depth of language, leading to misclassifications, especially in handling complex linguistic features like sarcasm or multi-faceted sentiment.","This paper contributes to the field by identifying the limitations of traditional sentiment analysis models in dealing with the complexities of natural language. In your proposed research, you could build upon these findings by exploring more advanced models like deep learning techniques or models that incorporate contextual embeddings (e.g., transformers, BERT) to overcome these challenges."
3,"Natural Language Processing, Sentiment Analysis, and Clinical Analytics","Rajput, A.",Academic Press,2020,"The paper examines the application of Natural Language Processing (NLP) and sentiment analysis in the field of clinical analytics. It explores how NLP techniques can be leveraged to analyze unstructured clinical data (e.g., patient notes, medical records) to derive insights that can enhance decision-making in healthcare.","The study uses datasets from clinical sources, including electronic health records (EHRs), patient feedback, and clinical notes. These datasets are primarily unstructured, making them suitable for NLP and sentiment analysis.","Natural Language Processing (NLP) techniques are employed to preprocess clinical text, including tokenization, stop-word removal, and entity recognition.
For sentiment analysis, the paper applies lexicon-based methods and machine learning classifiers such as Naive Bayes and SVM.
Additionally, clinical ontologies and semantic analysis tools are integrated to enhance the understanding of medical terms and their context.","The paper finds that sentiment analysis can be effectively used in clinical settings to analyze patient sentiments from clinical notes and feedback. NLP models can extract critical information regarding patient satisfaction, emotional state, and possible mental health concerns.
However, the accuracy of sentiment analysis in clinical data is lower compared to other domains due to the complexity and specificity of medical language.","The paper focuses on integrating NLP and sentiment analysis into clinical analytics. It discusses various techniques for processing unstructured clinical data and demonstrates how sentiment analysis can be applied to improve patient care and decision-making. The authors emphasize the challenges posed by medical terminology and suggest improvements for better outcomes.
",A key gap identified in the study is the lack of specialized NLP models that are tailored to the medical field. General-purpose NLP models do not perform well when applied to clinical data because they struggle with domain-specific terminology and context.,"This paper highlights the potential of NLP in healthcare but also underscores the limitations of current sentiment analysis models in clinical environments. In your research, you could focus on developing or utilizing domain-specific NLP models (such as BioBERT or other medical NLP models) to address the challenges of medical text, improving accuracy and context sensitivity in sentiment analysis within healthcare."
4,Key Factors in MOOC Pedagogy Based on NLP Sentiment Analysis of Learner Reviews: What Makes a Hit,"Li, L., Johnson, J., Aarhus, W., & Shah, D.",Computers & Education,2022,"The paper addresses the question of what pedagogical elements contribute to the success of Massive Open Online Courses (MOOCs). Specifically, it explores how Natural Language Processing (NLP) and sentiment analysis of learner reviews can be used to identify key factors that influence course effectiveness and learner satisfaction.","The dataset comprises MOOC learner reviews from various online platforms. These reviews are primarily textual feedback from students who have completed different online courses, reflecting their experiences and satisfaction levels.
","Natural Language Processing (NLP) techniques such as sentiment analysis, topic modeling, and text classification are applied to analyze learner reviews.
Sentiment analysis is conducted using a combination of lexicon-based methods and machine learning models (e.g., SVM and random forests) to determine the overall sentiment (positive, negative, neutral).
Topic modeling techniques, such as Latent Dirichlet Allocation (LDA), are used to identify common themes and factors mentioned in reviews related to course design and pedagogy.
","The study finds that factors such as course content quality, instructor engagement, interactivity, and learning support are key to creating highly-rated MOOCs. Positive learner sentiment is often tied to well-structured content and active instructor involvement.
Negative reviews frequently highlight issues such as technical problems, lack of feedback, and overly complex material.
","This paper uses NLP and sentiment analysis to evaluate the pedagogical factors that contribute to the success of MOOCs. By analyzing learner reviews, the study identifies the characteristics of highly-rated courses and uncovers common complaints about less successful ones. The authors suggest that understanding these factors can help educators design more effective online learning experiences.","A gap identified in the study is the limited ability of sentiment analysis to capture nuanced emotional states and context-specific challenges in MOOC reviews. Additionally, the paper points out that non-textual feedback (e.g., ratings, completion rates) could be integrated to provide a more holistic view of course success.","This paper's contribution lies in demonstrating how NLP and sentiment analysis can be used to extract actionable insights from learner reviews in MOOCs. In your proposed research, you could build upon this by exploring advanced NLP models (such as transformers or BERT) that may better capture context and emotional nuance, or by incorporating multimodal data (such as video or forum posts) to enrich the analysis."
5,Sentiment Analysis on Twitter Tweets About COVID-19 Vaccines Using NLP and Supervised KNN Classification Algorithm,"Shamrat, F. M. J. M., Chakraborty, S., Imran, M. M., Muna, J. N., Billah, M. M., Das, P., & Rahman, O. M.",Indonesian Journal of Electrical Engineering and Computer Science,2021,"The paper addresses the issue of public sentiment toward COVID-19 vaccines by analyzing social media data, specifically Twitter tweets. It aims to classify public opinion (positive, negative, or neutral) about COVID-19 vaccines, using Natural Language Processing (NLP) techniques and a supervised KNN (k-Nearest Neighbors) classification algorithm.","The dataset consists of Twitter tweets related to COVID-19 vaccines, collected using Twitter's API. The tweets are preprocessed for sentiment analysis, with steps such as tokenization, stop-word removal, and stemming being applied to clean the data.","Natural Language Processing (NLP) techniques are used to preprocess and analyze the text data from tweets. These techniques include text cleaning, tokenization, and word frequency analysis.
The paper applies the K-Nearest Neighbors (KNN) algorithm as the primary classification model to classify tweets based on sentiment (positive, negative, neutral).
TF-IDF (Term Frequency-Inverse Document Frequency) is used to represent the text data as numerical features for the KNN classifier.","The study finds that the majority of tweets about COVID-19 vaccines are positive, but there is still a significant number of negative and neutral sentiments present. The KNN classification algorithm effectively categorizes the tweets, achieving an accuracy of around 78%.
The results highlight the public's concerns and approval regarding vaccine distribution, safety, and efficacy.
","The paper explores the use of NLP and the KNN classification algorithm to analyze public sentiment on Twitter about COVID-19 vaccines. It provides insights into how different segments of the population feel about vaccines by classifying tweets into positive, negative, and neutral categories. The findings suggest a largely positive outlook but also indicate areas of public concern.
","The key gap identified is the limited accuracy of the KNN algorithm when compared to more advanced models like deep learning techniques (e.g., LSTM, BERT) that might offer better performance in capturing the complexities of language. Additionally, the paper does not explore the geographical or demographic differences in sentiment.","This paper contributes by showcasing the effectiveness of NLP and supervised machine learning algorithms like KNN in sentiment analysis during a global health crisis. In your research, you could build on these findings by employing more sophisticated NLP models (e.g., transformers), which could lead to improved accuracy and better handling of complex sentence structures. You might also consider integrating geospatial and demographic data to provide deeper insights into public sentiment across different regions."
6,Sentiment Analysis Using Machine Learning Approaches,"Mitra, A., & Mohanty, S.",Emerging Technologies in Data Mining and Information Security: Proceedings of IEMIS,2020,"The paper addresses the challenge of effectively performing sentiment analysis on large datasets, particularly focusing on the application of machine learning approaches to classify text into positive, negative, or neutral sentiments. The main aim is to determine how different machine learning algorithms perform on text-based sentiment classification tasks.","The study uses publicly available datasets, primarily focused on social media data such as tweets and product reviews from e-commerce platforms. These datasets are composed of text data labeled with sentiment.
","The paper applies various machine learning models for sentiment analysis, including:
Naive Bayes
Support Vector Machines (SVM)
Decision Trees
K-Nearest Neighbors (KNN)
Text preprocessing techniques such as tokenization, stop-word removal, and stemming are used to prepare the text data for machine learning models.
TF-IDF (Term Frequency-Inverse Document Frequency) is used to convert text data into numerical features for classification.","The study finds that Support Vector Machines (SVM) outperformed other models in terms of accuracy for sentiment classification. Naive Bayes also performed well, while Decision Trees and KNN lagged behind in accuracy.
The paper highlights that while machine learning models can effectively classify sentiment, their performance depends heavily on the quality of data preprocessing and feature extraction.","The paper provides an analysis of different machine learning algorithms for sentiment analysis, comparing their performance on labeled datasets. The authors demonstrate that SVM provides the best accuracy, followed by Naive Bayes, while also discussing the importance of data preprocessing in sentiment classification tasks.","One of the main gaps identified is the limited scope of traditional machine learning models in handling complex linguistic features such as sarcasm, irony, and context. The paper suggests that more advanced models, such as deep learning techniques (e.g., LSTM or CNN), could potentially improve sentiment classification by capturing deeper semantic meaning.","This paper contributes to the understanding of how different machine learning models perform in sentiment analysis tasks. For your research, you could expand on these findings by exploring the use of deep learning models such as recurrent neural networks (RNNs) or transformers, which may offer improved performance in capturing complex sentiment patterns and contextual nuances in text data. You could also explore real-time sentiment analysis in applications such as customer feedback systems."
7,,,,,,,,,,,
8,,,,,,,,,,,
9,,,,,,,,,,,
10,,,,,,,,,,,
